country_name,country_code
Albania,ALB
Algeria,DZA
Angola,AGO
Antigua and Barbuda,ATG
Argentina,ARG
Aruba,ABW
Australia,AUS
Austria,AUT
Azerbaijan,AZE
Bahamas,BHS
Bahrain,BHR
Bangladesh,BGD
Barbados,BRB
Belgium,BEL
Belize,BLZ
Benin,BEN
Bhutan,BTN
Bolivia,BOL
Bosnia and Herzegovina,BIH
Brazil,BRA
Bulgaria,BGR
Burkina Faso,BFA
Burundi,BDI
Cambodia,KHM
Canada,CAN
Cape Verde,CPV
Central African Republic,CAF
Chad,TCD
Chile,CHL
China,CHN
Colombia,COL
Comoros,COM
Congo,COG
Costa Rica,CRI
Cote d'Ivoire,CIV
Croatia,HRV
Cyprus,CYP
Czechia,CZE
Democratic Republic of Congo,COD
Denmark,DNK
Djibouti,DJI
Dominica,DMA
Dominican Republic,DOM
Ecuador,ECU
El Salvador,SLV
Equatorial Guinea,GNQ
Estonia,EST
Eswatini,SWZ
Ethiopia,ETH
Fiji,FJI
Finland,FIN
France,FRA
Gabon,GAB
Georgia,GEO
Germany,DEU
Ghana,GHA
Greece,GRC
Grenada,GRD
Guatemala,GTM
Guinea,GIN
Guinea-Bissau,GNB
Guyana,GUY
Haiti,HTI
Honduras,HND
Hong Kong,HKG
Hungary,HUN
Iceland,ISL
India,IND
Indonesia,IDN
Iran,IRN
Ireland,IRL
Israel,ISR
Italy,ITA
Jamaica,JAM
Japan,JPN
Jordan,JOR
Kenya,KEN
Kiribati,KIR
Kuwait,KWT
Kyrgyzstan,KGZ
Latvia,LVA
Lebanon,LBN
Lesotho,LSO
Luxembourg,LUX
Madagascar,MDG
Malaysia,MYS
Maldives,MDV
Marshall Islands,MHL
Mexico,MEX
Micronesia (country),FSM
Moldova,MDA
Mongolia,MNG
Morocco,MAR
Mozambique,MOZ
Myanmar,MMR
Namibia,NAM
Netherlands,NLD
New Zealand,NZL
Nicaragua,NIC
Niger,NER
Nigeria,NGA
North Macedonia,MKD
Norway,NOR
Oman,OMN
Pakistan,PAK
Panama,PAN
Papua New Guinea,PNG
Paraguay,PRY
Peru,PER
Philippines,PHL
Poland,POL
Portugal,PRT
Qatar,QAT
Romania,ROU
Russia,RUS
Rwanda,RWA
Saint Kitts and Nevis,KNA
Saint Lucia,LCA
Saint Vincent and the Grenadines,VCT
Saudi Arabia,SAU
Senegal,SEN
Seychelles,SYC
Slovakia,SVK
Slovenia,SVN
Solomon Islands,SLB
South Africa,ZAF
South Korea,KOR
Spain,ESP
Sri Lanka,LKA
Sudan,SDN
Suriname,SUR
Sweden,SWE
Switzerland,CHE
Tajikistan,TJK
Tanzania,TZA
Thailand,THA
Togo,TGO
Trinidad and Tobago,TTO
Tunisia,TUN
Turkey,TUR
Uganda,UGA
Ukraine,UKR
United Arab Emirates,ARE
United Kingdom,GBR
United States,USA
Uruguay,URY
Uzbekistan,UZB
Vanuatu,VUT
Venezuela,VEN
Vietnam,VNM
Yemen,YEM